credit_score,country,gender,age,tenure,balance,products_number,credit_card,active_member,estimated_salary,churn
605.0,Germany,Male,75.0,2,61319.63,1,0,1,186655.11,0
692.0,France,Female,,8,95059.02,2,1,0,44420.18,0
629.0,Spain,Male,31.0,6,132876.55,1,1,1,130862.11,0
850.0,Spain,Male,44.0,8,0.0,2,1,1,183617.32,0
671.0,Spain,Male,,6,123912.78,2,1,1,146636.44,0
705.0,Spain,Male,36.0,1,111629.29,1,1,1,21807.16,0
,France,Male,38.0,1,88293.13,2,1,1,24302.95,0
641.0,France,Male,,7,0.0,2,1,0,75248.3,0
607.0,France,Male,26.0,1,0.0,1,1,0,29818.2,0
707.0,Germany,Female,40.0,3,109628.44,1,1,0,189366.03,0
769.0,Germany,Male,,4,110182.54,2,1,1,87537.32,0
727.0,Spain,Female,31.0,10,96997.09,2,0,0,76614.04,0
631.0,Spain,Male,55.0,9,99685.06,1,1,0,114474.98,0
717.0,Spain,Female,36.0,2,164557.95,1,0,1,82336.73,0
633.0,Germany,Male,43.0,3,144164.29,1,1,1,158646.46,0
653.0,Germany,Female,25.0,2,158266.42,3,1,1,,0
658.0,France,Male,42.0,8,102870.93,1,0,1,103764.55,1
563.0,France,Female,39.0,5,0.0,2,1,1,17603.81,0
725.0,France,Male,39.0,4,160652.45,2,1,0,57643.55,0
806.0,Germany,Male,34.0,2,96152.68,2,1,0,,0
600.0,France,Female,26.0,6,108909.12,1,1,0,82547.01,0
602.0,Germany,Male,32.0,7,184715.86,2,1,0,113781.99,0
708.0,Spain,Male,46.0,7,68799.72,1,1,1,39704.14,0
740.0,France,Male,150.0,7,0.0,1,1,1,13177.4,0
612.0,Germany,Female,58.0,1,149641.53,1,1,1,115161.28,0
530.0,Spain,Female,36.0,7,0.0,2,1,0,80619.09,0
666.0,France,Female,,2,0.0,2,0,0,36371.27,0
616.0,Spain,Male,30.0,5,0.0,2,0,1,196108.51,0
829.0,France,Female,22.0,7,150126.44,1,1,0,152107.93,1
621.0,Spain,Male,53.0,9,170491.84,1,1,0,35588.07,1
675.0,Spain,Male,36.0,3,54098.18,2,0,1,54478.52,0
472.0,France,Male,29.0,8,102490.27,1,0,1,181224.56,0
628.0,Germany,Female,36.0,3,91286.51,1,1,0,63085.94,0
612.0,France,Female,43.0,4,139496.35,2,1,1,77128.23,0
769.0,France,Male,31.0,4,61297.05,2,1,1,7118.02,0
710.0,Spain,Female,30.0,10,0.0,2,1,0,19500.1,0
775.0,Spain,Male,27.0,4,0.0,1,1,1,,0
729.0,Germany,Male,36.0,8,152899.24,2,1,0,177130.33,0
538.0,France,Male,33.0,6,93791.38,1,1,1,199249.29,0
522.0,France,Male,41.0,5,144147.68,1,1,1,,0
474.0,France,Female,30.0,9,0.0,2,0,0,63158.22,0
787.0,Germany,Female,42.0,2,74483.97,2,0,1,44273.91,0
620.0,France,Male,28.0,9,71902.52,1,0,1,190208.23,0
709.0,France,Male,36.0,0,0.0,2,1,0,46811.77,0
715.0,France,M,21.0,8,0.0,2,1,0,68666.63,0
746.0,Spain,Male,24.0,10,68781.82,1,0,1,47997.39,0
748.0,Germany,Female,,3,103499.09,2,0,0,38153.19,0
829.0,Spain,Male,50.0,7,0.0,2,0,1,178458.86,0
733.0,Spain,Female,32.0,5,0.0,2,1,0,131625.14,0
766.0,France,Female,26.0,3,104258.8,1,1,1,428.23,0
677.0,Germany,Male,34.0,3,126729.41,1,1,1,26106.39,1
627.0,France,Female,21.0,7,98993.02,1,1,1,169156.64,0
543.0,France,Male,64.0,4,0.0,2,1,1,148305.82,0
655.0,Germany,Female,44.0,6,146498.76,1,1,0,64853.51,1
740.0,France,Female,60.0,5,108028.08,2,0,0,25980.42,1
699.0,Spain,Male,26.0,6,79932.41,1,0,0,150242.44,0
656.0,Germany,Female,27.0,3,150905.03,2,1,0,16998.72,0
721.0,Spain,Male,33.0,5,0.0,2,0,1,117626.9,0
599.0,France,Male,28.0,7,119706.22,1,0,0,31190.42,0
848.0,Germany,Female,40.0,5,148495.64,1,0,0,158853.98,0
707.0,France,Male,35.0,2,0.0,3,1,1,94148.3,0
692.0,Spain,Female,29.0,4,0.0,2,0,0,138880.24,0
552.0,Spain,Male,45.0,9,0.0,2,1,0,26752.56,0
651.0,Germany,Female,42.0,1,116646.76,1,1,0,44731.8,1
619.0,Germany,Female,41.0,8,142015.76,2,1,0,114323.66,0
569.0,Germany,Male,30.0,6,106629.49,1,0,1,,0
606.0,France,Male,31.0,10,0.0,2,1,0,195209.4,0
611.0,Germany,Male,31.0,0,107884.81,2,1,1,183487.98,0
591.0,France,Male,42.0,9,161651.37,2,1,1,131753.97,0
,Germany,Male,25.0,6,146580.69,1,0,1,14633.35,0
543.0,Germany,Male,41.0,6,143350.41,1,1,1,192070.16,1
850.0,Spain,Female,31.0,4,91292.7,1,1,1,162149.07,0
678.0,Spain,Female,49.0,1,0.0,2,1,1,102472.9,0
633.0,France,Female,33.0,3,0.0,2,1,0,,0
586.0,France,Female,38.0,6,0.0,2,1,1,37935.83,0
479.0,Spain,Male,35.0,4,125920.98,1,1,1,20393.44,0
749.0,France,Male,42.0,2,56726.83,2,0,1,185543.35,0
652.0,Spain,Female,42.0,4,0.0,2,1,1,38152.01,0
796.0,Spain,Male,67.0,5,0.0,2,0,1,54871.02,0
599.0,France,Male,27.0,5,0.0,2,1,0,30546.4,0
596.0,Spain,Female,29.0,6,0.0,2,1,0,116696.77,0
512.0,France,Female,30.0,6,0.0,2,1,0,,0
731.0,Spain,Male,25.0,8,96950.21,1,1,0,97877.92,0
796.0,Germany,Male,39.0,5,86350.87,2,0,0,105080.53,0
594.0,France,Female,34.0,7,141525.55,1,0,0,9443.15,0
708.0,Spain,Female,35.0,8,122570.69,1,0,0,199005.88,0
615.0,Germany,Female,33.0,3,137657.25,2,1,1,171657.57,0
834.0,France,Female,28.0,6,0.0,1,1,0,74287.53,0
617.0,Spain,Female,45.0,1,0.0,1,1,0,143298.06,0
469.0,France,Male,33.0,1,127818.52,1,1,0,163477.22,0
671.0,France,Male,45.0,2,106376.85,1,0,1,158264.62,0
674.0,France,Female,26.0,10,0.0,2,1,1,138423.1,0
490.0,France,Male,39.0,1,0.0,3,1,0,171060.01,1
800.0,France,Female,49.0,7,108007.36,1,0,0,47125.11,0
607.0,France,Female,27.0,2,0.0,2,1,0,63495.86,0
705.0,France,Male,30.0,1,0.0,1,1,1,181300.32,0
583.0,Spain,Female,22.0,2,0.0,2,0,1,5985.36,0
,Germany,Female,28.0,1,124511.01,1,0,0,114258.18,0
715.0,Spain,Female,35.0,4,40169.88,2,1,1,,0
453.0,Spain,Female,42.0,5,0.0,3,1,0,83008.49,1
619.0,France,Male,58.0,5,152199.33,1,1,1,86022.09,0
749.0,France,Male,40.0,1,139290.41,1,1,0,182855.42,1
628.0,France,Female,31.0,5,0.0,1,0,0,147963.07,1
563.0,Spain,Male,57.0,6,0.0,2,1,1,39297.48,0
782.0,Spain,Male,52.0,4,0.0,1,1,1,52759.82,1
531.0,France,Male,37.0,7,121854.45,1,1,0,147521.35,0
690.0,France,Male,36.0,7,101583.11,2,1,0,123775.15,0
,Germany,Male,56.0,1,112414.81,2,0,0,93982.02,1
770.0,France,Male,24.0,9,101827.07,1,1,0,167256.35,0
645.0,France,Female,37.0,1,0.0,2,1,1,68987.55,0
,France,Female,50.0,4,0.0,2,0,1,182076.97,0
714.0,Spain,Male,25.0,2,0.0,1,1,1,132979.43,0
782.0,Germany,Female,53.0,1,81571.05,1,1,0,182960.46,1
562.0,Germany,Male,35.0,3,142296.13,1,0,1,177112.7,0
816.0,Germany,Female,25.0,2,150355.35,2,1,1,35770.84,0
666.0,Spain,Male,35.0,2,104832.49,1,1,0,175015.12,0
684.0,Germany,Male,,3,102630.13,2,1,1,127433.47,0
665.0,France,Female,44.0,7,0.0,2,1,1,66548.58,0
698.0,France,Female,39.0,4,0.0,2,0,1,47455.82,0
581.0,Germany,F,34.0,1,101633.04,1,1,0,110431.51,0
733.0,Germany,Male,48.0,7,85915.52,1,1,1,23860.5,0
569.0,Spain,Female,30.0,3,139528.23,1,1,1,33230.37,0
1200.0,France,Male,43.0,7,0.0,2,1,0,178393.68,0
540.0,Germany,Female,42.0,9,87271.41,2,1,0,,0
596.0,Germany,Male,54.0,1,123544.0,1,1,1,120314.75,1
653.0,France,Female,32.0,4,83772.95,1,0,1,23920.65,0
706.0,Germany,Male,32.0,5,88348.43,2,1,1,104181.78,0
688.0,Spain,Male,32.0,6,124179.3,1,1,1,138759.15,0
550.0,Germany,Male,29.0,9,145294.08,2,1,0,147484.13,0
516.0,Germany,Male,50.0,7,139675.07,2,1,0,45591.23,0
498.0,France,Male,33.0,1,198113.86,1,1,0,69664.35,0
639.0,Spain,Female,28.0,8,97840.72,1,1,1,178222.77,0
543.0,Spain,Male,35.0,10,,1,1,0,76773.53,0
604.0,Germany,Male,25.0,7,165413.43,1,1,1,35279.74,0
594.0,Germany,Female,29.0,3,130830.22,1,1,0,61048.53,0
632.0,France,Male,43.0,2,100013.51,1,1,0,24275.32,0
601.0,Germany,Male,42.0,1,,1,1,0,40014.76,1
775.0,France,Male,31.0,9,0.0,2,1,0,169278.51,0
670.0,Spain,Female,65.0,1,0.0,1,1,1,177655.68,1
470.0,Spain,Female,48.0,6,140576.11,1,1,1,116971.05,0
700.0,france ,Female,30.0,9,0.0,1,1,1,174971.64,0
631.0,France,Male,51.0,8,100654.8,1,1,0,171587.9,0
642.0,France,Male,62.0,7,0.0,2,1,1,61120.75,0
817.0,France,Male,44.0,8,0.0,1,0,0,65501.91,1
651.0,France,Female,56.0,4,0.0,1,0,0,84383.22,1
704.0,Germany,Female,39.0,10,102556.18,2,1,0,171971.25,1
540.0,Spain,Male,39.0,2,0.0,2,1,0,81995.92,0
601.0,Germany,Male,48.0,9,163630.76,1,0,1,41816.49,1
677.0,Germany,Female,,10,68806.84,1,1,0,33075.24,0
765.0,France,Female,50.0,9,126547.8,1,1,1,79579.94,1
350.0,Germany,Male,39.0,0,109733.2,2,0,0,123602.11,1
722.0,France,Female,35.0,2,163943.89,2,1,1,15068.18,0
,France,Male,30.0,0,90963.49,1,0,1,27802.0,0
752.0,France,Male,39.0,3,0.0,1,1,0,188187.05,0
651.0,France,Male,45.0,1,0.0,1,1,0,67740.08,1
645.0,Spain,Male,49.0,8,0.0,2,1,0,162012.6,0
533.0,Germany,Female,49.0,1,102286.6,3,1,0,69409.37,1
487.0,Spain,Male,33.0,8,145729.71,1,1,0,41365.85,0
662.0,France,Male,31.0,3,0.0,2,0,1,27731.05,0
777.0,France,Female,30.0,4,137851.31,1,1,0,,1
697.0,Germany,Male,43.0,8,103409.16,1,1,0,66893.28,1
544.0,Spain,Male,30.0,8,145241.63,1,1,1,80676.83,0
586.0,France,Female,35.0,7,164769.02,3,1,0,119814.25,1
570.0,France,Female,58.0,8,0.0,1,0,1,116503.92,1
635.0,Spain,Male,46.0,8,0.0,2,1,1,60739.16,0
722.0,Germany,Male,29.0,1,107233.85,2,1,0,24924.92,0
755.0,France,Male,38.0,9,148912.44,1,1,0,80416.16,0
678.0,Germany,Female,44.0,2,98009.13,2,0,1,31384.86,0
775.0,Spain,Male,30.0,4,0.0,2,0,1,57461.13,0
639.0,France,Male,66.0,0,0.0,2,0,1,42240.54,0
648.0,Spain,Male,36.0,8,146943.38,2,1,1,130041.45,0
706.0,Germany,Female,28.0,6,124923.35,2,1,1,50299.14,0
709.0,Germany,Male,45.0,4,122917.71,1,1,1,11.58,1
786.0,France,Male,34.0,3,137361.96,1,0,0,183682.09,0
615.0,Spain,Male,41.0,4,0.0,1,0,1,149278.96,0
558.0,Germany,Male,32.0,4,108235.91,1,1,1,143783.28,0
542.0,France,Male,32.0,7,107871.72,1,1,0,125302.64,0
561.0,France,Male,32.0,5,0.0,2,1,0,84871.99,0
700.0,France,Female,32.0,3,0.0,1,0,0,95740.37,0
705.0,France,Female,49.0,7,0.0,1,1,0,63405.2,1
532.0,Germany,Male,24.0,8,142755.25,1,0,0,34231.48,0
680.0,FRANCE,Male,27.0,3,0.0,1,1,0,32454.26,0
675.0,Spain,Male,31.0,2,90826.27,2,1,0,60270.87,0
554.0,France,Female,38.0,3,138731.95,1,1,1,194138.36,0
493.0,France,Female,36.0,2,0.0,2,0,1,99770.3,0
497.0,France,Male,41.0,9,0.0,1,0,0,22074.48,0
755.0,France,Female,,4,148654.84,2,1,1,28805.09,0
679.0,France,Male,36.0,1,97234.58,1,1,0,188997.08,0
598.0,France,Male,60.0,4,0.0,1,1,0,197727.14,1
481.0,France,Male,37.0,8,152303.66,2,1,1,175082.2,0
445.0,Spain,Male,62.0,1,64119.38,1,1,1,76569.64,1
650.0,Germany,Female,46.0,9,149003.76,2,1,0,176902.83,0
458.0,Spain,Female,35.0,5,166492.48,1,1,0,135287.74,0
583.0,France,Female,38.0,10,0.0,2,0,1,113597.64,0
540.0,France,Male,25.0,5,116160.23,1,1,0,13411.67,0
685.0,Germany,Female,21.0,6,97956.5,1,1,1,164966.27,0
611.0,France,Male,58.0,8,0.0,2,0,1,107665.68,1
800.0,France,Female,38.0,2,168190.33,2,1,0,68052.08,0
451.0,Germany,Female,38.0,9,61482.47,1,1,1,167538.66,0
687.0,Spain,Female,21.0,8,0.0,2,1,1,154767.34,0
687.0,Spain,Male,38.0,8,69434.4,2,1,1,66580.13,1
732.0,France,Female,43.0,6,0.0,2,1,0,65731.53,0
633.0,Germany,Male,58.0,2,128137.42,2,1,0,147635.33,1
598.0,Germany,Male,19.0,3,150348.37,1,1,1,173784.04,0
637.0,Spain,Female,34.0,9,0.0,2,0,0,26057.08,0
593.0,Germany,Female,32.0,9,134096.53,2,1,0,53931.05,1
648.0,Spain,Female,54.0,7,118241.02,1,1,0,172586.89,1
583.0,France,Male,51.0,6,125268.03,2,1,0,165082.25,0
564.0,Germany,Male,41.0,9,103522.75,2,1,1,34338.21,0
742.0,Germany,Female,44.0,8,107926.02,1,0,1,17375.27,1
750.0,Spain,Female,34.0,9,112822.26,1,0,0,150401.53,1
630.0,France,Male,67.0,5,0.0,2,1,1,27330.27,0
502.0,Germany,Female,57.0,3,101465.31,1,1,0,43568.31,1
685.0,Spain,Female,30.0,2,0.0,3,1,1,172576.43,1
598.0,Germany,Female,50.0,5,88379.81,3,0,1,64157.24,1
766.0,Germany,Female,28.0,3,62717.84,2,1,1,13182.43,0
663.0,Germany,Female,46.0,2,141726.88,1,1,1,58257.23,0
656.0,France,Male,35.0,6,0.0,2,1,0,1485.27,0
627.0,Germany,Female,30.0,6,57809.32,1,1,0,188258.49,0
683.0,Germany,Female,57.0,5,162448.69,1,0,0,,1
583.0,France,Female,42.0,4,0.0,2,1,0,17439.66,0
608.0,France,Male,33.0,9,89968.69,1,1,0,68777.26,0
709.0,France,Female,32.0,2,0.0,2,0,0,109681.29,0
674.0,France,Female,32.0,7,85757.93,1,1,1,95481.0,0
660.0,Germany,Male,30.0,1,84440.1,2,1,1,60485.98,0
683.0,Spain,Male,38.0,3,126152.84,1,0,0,,0
677.0,Spain,Male,56.0,5,123959.97,1,1,1,60590.72,1
,France,Female,28.0,9,0.0,2,1,0,95957.09,0
648.0,Spain,Male,55.0,1,81370.07,1,0,1,181534.04,0
820.0,Germany,Male,39.0,9,111336.89,1,1,0,16770.31,1
831.0,France,Female,34.0,2,0.0,2,0,0,165840.94,0
609.0,Germany,Male,38.0,6,140752.06,2,0,1,171430.16,0
704.0,Spain,Female,24.0,2,0.0,1,1,0,35600.25,1
559.0,France,Female,46.0,5,0.0,1,1,0,21006.1,1
767.0,France,Female,42.0,2,,1,1,0,28615.8,0
637.0,France,Male,33.0,0,132255.99,2,0,1,74588.41,0
711.0,Spain,Female,28.0,5,0.0,2,1,1,93959.96,0
684.0,Germany,Female,56.0,3,127585.98,3,1,1,80593.49,1
693.0,France,Female,28.0,8,0.0,2,1,1,158545.25,0
683.0,France,Male,39.0,4,0.0,2,1,0,171716.81,0
637.0,Germany,Female,27.0,7,135842.89,1,1,1,101418.05,0
495.0,France,Female,38.0,2,63093.01,1,1,1,47089.72,0
716.0,France,Female,38.0,1,0.0,2,1,1,99661.46,0
652.0,France,Female,40.0,4,79927.36,2,1,1,33524.6,0
,Spain,Male,33.0,4,96110.22,1,1,0,1173.23,0
95.0,France,Female,28.0,5,118890.81,1,0,1,145157.97,0
676.0,France,Female,61.0,8,0.0,2,1,1,118522.73,0
718.0,Spain,Male,40.0,9,0.0,2,0,0,121537.91,0
750.0,France,Female,26.0,1,151510.17,2,1,1,19921.72,0
675.0,Spain,Male,66.0,5,115654.47,2,1,1,131970.86,0
,France,Female,35.0,5,0.0,1,1,0,133991.11,1
649.0,Germany,Male,40.0,4,95001.33,1,0,1,123202.99,0
712.0,France,Female,29.0,3,87375.78,2,0,0,166194.53,0
545.0,Spain,Female,44.0,1,0.0,2,1,1,82614.89,0
675.0,France,Female,33.0,6,0.0,2,1,0,34045.61,0
616.0,spain ,Male,31.0,7,76665.71,2,1,1,163809.08,0
592.0,France,Male,29.0,7,0.0,2,1,1,91196.67,0
638.0,France,Female,34.0,7,0.0,2,1,1,198969.78,0
651.0,Spain,Male,23.0,4,115636.05,2,1,0,70400.86,0
653.0,France,Male,,3,0.0,1,1,0,170426.65,1
516.0,France,Female,47.0,6,109387.33,1,0,0,121365.45,0
823.0,France,Male,34.0,3,105057.33,1,1,0,9217.92,0
583.0,France,Female,40.0,4,55776.39,2,1,0,26920.43,0
630.0,Spain,Female,49.0,1,0.0,2,0,1,162858.29,0
635.0,France,Male,29.0,7,105405.97,1,1,1,149853.89,0
529.0,France,Male,22.0,5,0.0,1,1,0,151169.83,0
681.0,Spain,Female,32.0,3,0.0,2,1,1,59679.9,0
690.0,France,Male,47.0,2,0.0,2,1,0,151375.73,0
572.0,Germany,Male,51.0,8,97750.07,3,1,1,193014.26,1
758.0,Spain,Male,35.0,5,0.0,2,1,0,95009.6,0
768.0,France,Female,28.0,3,109118.05,2,0,1,,0
714.0,Germany,Female,55.0,9,180075.22,1,1,1,100127.71,0
531.0,Germany,Female,32.0,0,109570.21,2,1,1,172049.84,0
654.0,Spain,Male,34.0,5,0.0,2,1,0,159311.46,0
680.0,France,Female,24.0,10,0.0,3,1,0,154971.63,1
561.0,France,Male,34.0,1,78829.53,1,1,1,12148.2,0
640.0,Spain,Male,47.0,6,89047.14,1,1,0,116286.25,0
624.0,Spain,Male,46.0,3,0.0,2,1,1,62825.03,0
451.0,France,Female,36.0,2,0.0,2,1,1,180142.42,0
439.0,France,Female,43.0,8,0.0,1,0,1,104889.3,0
539.0,Spain,Male,38.0,8,71460.67,2,1,1,10074.05,0
549.0,Germany,Female,45.0,3,143734.01,2,1,1,96404.38,0
771.0,France,Male,39.0,5,0.0,2,1,0,96270.64,0
600.0,Spain,Male,36.0,4,0.0,2,1,0,143635.36,0
778.0,Spain,Male,40.0,8,104291.41,2,1,1,117507.11,0
726.0,Spain,Female,27.0,7,123826.07,1,0,1,78970.58,0
569.0,France,Male,41.0,4,120243.49,1,1,0,163150.03,1
660.0,France,Female,32.0,0,114668.89,1,1,0,84605.0,0
640.0,Spain,Female,46.0,8,0.0,2,1,0,89043.19,0
794.0,Spain,Female,37.0,9,0.0,2,1,0,68008.85,0
718.0,FRANCE,Female,25.0,4,108691.95,1,1,0,63030.97,0
537.0,France,Male,37.0,6,0.0,1,1,1,17802.42,0
649.0,France,Female,36.0,2,0.0,2,0,1,75035.48,0
629.0,France,Male,44.0,5,0.0,4,0,0,117572.59,1
557.0,France,Male,36.0,3,0.0,1,0,1,144078.02,0
710.0,Spain,Male,23.0,6,0.0,2,1,1,,0
489.0,Germany,Female,52.0,1,131441.51,1,1,0,37240.11,1
644.0,Spain,Male,18.0,8,0.0,2,1,0,59172.42,0
741.0,Spain,Male,39.0,7,143637.58,2,0,1,174227.66,0
,France,Female,36.0,3,146053.66,1,1,1,138344.7,0
686.0,Spain,Male,39.0,10,136258.06,1,0,0,89199.51,0
757.0,France,Male,47.0,3,130747.1,1,1,0,143829.54,0
755.0,France,Male,41.0,6,104817.41,1,1,0,126013.58,1
598.0,France,Male,48.0,6,120682.53,1,1,0,30635.52,1
604.0,Germany,Female,25.0,5,157780.84,2,1,1,58426.81,0
664.0,Spain,Male,35.0,1,115024.5,1,0,1,169665.79,0
590.0,Spain,Female,29.0,2,166930.76,2,1,0,122487.73,0
735.0,Spain,Male,34.0,5,0.0,2,0,0,71095.41,0
590.0,Spain,Female,44.0,3,139432.37,1,1,0,62222.81,0
538.0,France,Female,38.0,8,88758.95,2,0,0,28226.15,1
657.0,Spain,Female,37.0,0,163607.18,1,0,1,44203.55,0
520.0,Germany,Male,43.0,15,150805.17,3,0,1,25333.03,1
544.0,France,Female,64.0,3,124043.8,1,1,1,-5000.0,1
548.0,France,Female,29.0,4,0.0,2,0,1,48673.18,0
730.0,Germany,Male,45.0,6,152880.97,1,0,0,162478.11,0
,Spain,Male,29.0,1,97541.24,1,1,1,196356.17,0
667.0,France,Male,40.0,8,,2,1,0,98931.5,0
632.0,Germany,Male,65.0,6,129472.33,1,1,1,85179.48,0
850.0,France,Female,38.0,0,106831.69,1,0,1,148977.72,0
835.0,France,Male,23.0,9,0.0,1,1,0,19793.73,1
627.0,Germany,Female,30.0,4,79871.02,2,1,0,129826.89,0
769.0,France,Female,27.0,2,0.0,1,1,1,57876.05,0
534.0,France,Male,52.0,1,0.0,3,1,1,104035.41,1
682.0,Germany,Male,24.0,9,57929.81,2,0,0,53134.3,0
821.0,France,Female,28.0,8,0.0,1,1,1,36754.13,0
631.0,Spain,Female,41.0,0,0.0,1,0,0,87959.83,0
793.0,France,Male,32.0,2,0.0,2,1,0,193817.63,1
597.0,France,Male,41.0,4,153198.23,1,1,1,92090.36,0
566.0,France,Male,34.0,3,0.0,1,0,0,188135.69,0
666.0,Spain,Male,43.0,5,0.0,2,1,0,29346.1,0
733.0,Germany,Female,33.0,7,187257.94,1,0,1,,0
468.0,Germany,Male,29.0,1,111681.98,2,1,1,195711.16,0
688.0,France,Male,26.0,0,0.0,2,1,0,105784.85,0
623.0,France,Female,57.0,7,71481.79,2,1,1,84421.34,0
511.0,France,Male,45.0,5,68375.27,1,1,0,193160.25,1
548.0,Germany,Male,32.0,5,175214.71,1,1,1,155165.61,0
705.0,France,Male,92.0,1,126076.24,2,1,1,34436.83,0
664.0,France,Male,55.0,8,0.0,2,1,1,139161.64,0
533.0,Germany,Female,22.0,10,115743.6,1,0,0,43852.05,0
614.0,France,Female,43.0,6,0.0,2,1,1,109041.53,0
621.0,Germany,Male,51.0,4,109978.83,1,0,0,177740.58,1
850.0,France,Male,49.0,6,128663.9,1,1,0,65769.3,1
583.0,France,Male,38.0,8,0.0,1,1,0,,0
559.0,Germany,Female,36.0,1,104356.94,2,0,1,54184.06,0
651.0,Spain,Female,36.0,8,0.0,2,1,0,91652.43,0
686.0,Germany,Male,39.0,3,129626.19,2,1,1,103220.56,0
555.0,France,Female,27.0,8,102000.17,1,1,1,116757.0,0
847.0,Germany,Female,41.0,3,101543.51,4,1,0,16025.17,1
513.0,France,Male,30.0,5,0.0,2,1,0,162523.66,0
695.0,Germany,Male,40.0,7,139022.24,1,0,1,193383.13,0
652.0,Spain,Female,40.0,7,100471.34,1,1,1,124550.88,0
689.0,Spain,Female,31.0,4,0.0,2,1,1,136610.02,0
807.0,Germany,Female,,1,141069.18,3,1,1,194257.11,0
720.0,Germany,Female,43.0,10,110822.9,1,0,0,72861.94,0
691.0,France,Male,24.0,6,0.0,2,1,1,92811.2,0
662.0,France,Male,34.0,2,0.0,2,0,1,21497.27,0
613.0,Germany,Female,43.0,4,140681.68,1,0,1,20134.07,0
671.0,France,Male,27.0,5,0.0,2,0,0,120893.07,0
617.0,GERMANY,Female,37.0,4,116471.43,2,1,0,175324.74,1
850.0,France,Male,,4,161256.53,1,1,1,140071.57,0
476.0,France,Female,40.0,4,0.0,2,0,0,182547.04,0
553.0,France,Female,27.0,3,0.0,2,0,0,159800.16,0
817.0,Germany,Male,45.0,9,101207.75,1,0,0,88211.12,1
,France,Female,48.0,2,0.0,2,0,1,137961.41,0
709.0,France,Male,42.0,9,118546.71,1,0,1,77142.85,0
537.0,France,Male,37.0,3,0.0,2,1,1,20603.32,0
422.0,France,Male,54.0,3,140014.42,1,0,1,86350.97,0
542.0,Spain,Male,210.0,8,0.0,1,1,1,807.06,0
721.0,France,Male,41.0,2,0.0,2,1,0,168219.75,0
633.0,France,Male,29.0,10,130206.28,1,1,0,184654.87,0
642.0,France,Male,40.0,8,109219.83,1,1,0,52827.51,0
537.0,France,Male,47.0,10,0.0,2,0,1,25482.62,0
592.0,France,Female,27.0,4,0.0,2,1,1,183569.25,0
609.0,France,Female,53.0,6,0.0,2,1,1,124218.27,0
661.0,France,Female,27.0,3,0.0,2,1,1,76889.79,0
690.0,France,Female,42.0,3,92578.14,2,0,0,70810.6,0
717.0,Spain,Female,34.0,1,0.0,2,1,0,119313.74,0
544.0,France,Male,38.0,8,0.0,1,1,1,98208.62,0
643.0,France,Female,31.0,3,167949.48,1,1,0,143162.34,0
744.0,Germany,Male,41.0,7,190409.34,2,1,1,138361.48,0
527.0,Spain,Male,37.0,5,93722.73,2,1,1,139093.73,0
705.0,Spain,Female,57.0,3,0.0,2,1,1,34134.14,0
739.0,Spain,Male,60.0,4,0.0,1,1,1,51637.67,0
529.0,France,Male,67.0,8,103101.56,2,1,1,154002.02,1
694.0,France,Male,40.0,9,0.0,2,1,0,40463.03,0
850.0,France,Female,34.0,4,71379.53,2,1,1,154000.99,0
751.0,Germany,Male,50.0,2,96888.39,1,1,0,77206.25,1
536.0,France,Male,35.0,8,0.0,2,1,0,64833.28,0
696.0,France,Male,52.0,6,139781.06,1,1,0,27445.4,1
678.0,France,Female,55.0,5,0.0,1,0,1,196794.11,1
617.0,France,Male,74.0,10,0.0,2,1,1,53949.98,0
383.0,Spain,Female,48.0,8,95808.19,1,0,0,137702.01,1
665.0,France,Male,52.0,3,0.0,1,1,0,116137.01,1
595.0,France,Male,41.0,9,0.0,2,1,0,5967.09,0
632.0,Germany,Male,41.0,8,127205.32,4,1,0,93874.87,1
506.0,Germany,Female,41.0,3,57745.76,1,1,0,4035.46,0
516.0,France,Male,51.0,8,120124.35,2,0,1,168773.54,0
533.0,France,Male,,9,83347.25,1,1,1,137696.25,0
607.0,France,Female,33.0,8,91301.72,1,0,1,130824.57,0
552.0,Germany,Male,38.0,10,132271.12,2,1,1,46562.02,0
529.0,France,Male,46.0,8,,1,0,0,126511.94,1
468.0,France,Male,22.0,2,0.0,2,1,0,28123.99,0
747.0,France,Female,47.0,5,139914.6,4,0,1,129964.56,1
,France,Male,41.0,2,100254.76,2,1,1,12706.67,0
750.0,FRANCE,Female,35.0,3,0.0,1,1,0,191520.5,0
640.0,Germany,Male,48.0,1,111599.32,1,0,1,135995.58,0
757.0,France,Male,29.0,8,130306.49,1,1,0,77469.38,0
748.0,France,Male,34.0,5,84009.47,1,1,1,137001.1,0
602.0,Spain,Male,37.0,3,107592.89,2,0,1,153122.73,0
660.0,Germany,Male,41.0,1,129901.21,1,1,0,26025.6,1
699.0,France,Male,27.0,1,0.0,2,1,0,93003.21,0
603.0,Spain,Male,30.0,6,129548.5,2,1,1,19282.85,0
633.0,Germany,Male,42.0,3,126041.02,1,0,1,11796.89,0
799.0,France,Female,32.0,3,106045.92,2,1,1,17938.0,0
595.0,Germany,Male,46.0,5,142360.62,2,1,0,48421.4,1
555.0,France,Male,24.0,5,0.0,2,1,0,27513.47,0
787.0,Germany,Male,43.0,0,132217.45,1,1,0,20955.03,1
718.0,France,Female,35.0,2,167924.95,1,1,0,43024.64,0
548.0,Spain,Male,33.0,6,0.0,1,1,1,31728.35,0
657.0,Germany,Male,30.0,1,139762.13,2,1,1,23317.88,0
596.0,germany ,Male,47.0,5,140187.1,2,1,1,174311.3,0
564.0,Germany,Female,30.0,0,100954.88,2,0,0,134175.15,0
669.0,Germany,Male,47.0,0,63723.78,2,1,1,181928.25,0
553.0,France,Male,33.0,4,118082.89,1,0,0,94440.45,0
522.0,Germany,Female,25.0,5,94049.92,2,1,0,103269.0,0
717.0,Germany,Female,64.0,10,98362.35,2,1,1,21630.21,0
680.0,Germany,Male,34.0,6,146422.22,1,1,0,67142.97,1
828.0,France,Male,34.0,8,,2,0,0,38131.77,0
510.0,France,Female,22.0,3,156834.34,1,0,0,44374.44,0
730.0,France,Male,39.0,1,,1,0,0,145679.6,0
508.0,France,Male,44.0,3,115451.05,2,0,0,67234.33,0
633.0,France,Female,32.0,1,104001.38,1,0,1,36642.65,0
687.0,France,Male,35.0,9,0.0,2,0,1,73133.82,0
655.0,Spain,Male,34.0,1,116114.93,1,1,1,49492.15,0
850.0,France,Female,41.0,5,0.0,2,1,1,34827.43,0
690.0,France,Male,54.0,5,0.0,1,1,0,12847.61,1
735.0,France,Female,21.0,1,178718.19,2,1,0,22388.0,0
576.0,Spain,Male,52.0,2,100549.43,2,1,1,16644.16,0
569.0,France,Male,37.0,9,178755.84,1,1,0,199929.17,0
773.0,France,Male,41.0,4,0.0,2,1,1,24924.92,0
748.0,France,Male,,4,112610.77,1,0,1,2048.55,0
691.0,Germany,Female,37.0,7,123067.63,1,1,1,98162.44,1
554.0,Germany,Female,43.0,2,120847.11,1,1,0,7611.61,1
682.0,France,Female,48.0,7,0.0,2,1,0,65069.03,0
711.0,France,Female,29.0,3,130181.47,2,1,0,31811.44,0
731.0,Spain,Male,41.0,3,0.0,2,1,0,101371.72,0
623.0,France,Female,37.0,4,140211.88,1,1,1,93832.33,0
637.0,Germany,Female,39.0,3,109698.41,1,1,1,88391.29,1
675.0,Germany,Female,29.0,8,121326.42,1,1,0,133457.52,0
636.0,Germany,Male,36.0,6,96643.32,1,0,0,182059.28,0
850.0,Germany,Female,35.0,2,80931.75,1,0,0,12639.67,1
652.0,Germany,Male,41.0,9,159434.03,1,1,0,178373.93,0
577.0,Germany,Female,44.0,1,152086.15,1,0,1,44719.5,1
753.0,France,Female,40.0,0,3768.69,2,1,0,177065.24,1
620.0,France,Female,33.0,9,127638.35,1,1,1,192717.57,0
505.0,Germany,Male,,3,145541.56,2,1,1,58019.95,0
651.0,Germany,Female,35.0,1,163700.78,3,1,1,29583.48,1
641.0,France,Male,30.0,2,87505.47,2,0,1,7278.57,0
707.0,Spain,Female,35.0,3,56674.48,1,1,0,17987.4,1
727.0,France,Female,28.0,2,110997.76,1,1,0,,0
498.0,France,Male,34.0,5,0.0,2,1,1,,0
700.0,Spain,Female,43.0,0,0.0,2,1,0,59475.35,0
664.0,France,Female,34.0,7,93920.47,1,0,0,179913.98,0
835.0,Spain,Male,45.0,3,100212.13,1,1,0,152577.62,0
556.0,France,Female,36.0,2,134208.22,1,0,1,177670.57,0
768.0,France,Male,54.0,8,69712.74,1,1,1,69381.05,0
717.0,Spain,Male,36.0,2,102989.83,2,0,1,49185.57,0
778.0,France,Female,34.0,7,109564.1,1,0,1,113046.81,0
515.0,Spain,Male,40.0,10,121355.99,1,1,0,138360.29,0
643.0,Spain,Male,43.0,1,0.0,2,1,1,145764.4,0
731.0,France,Female,38.0,10,123711.73,2,1,0,171340.68,1
680.0,France,Male,33.0,2,108393.35,1,0,1,39057.67,0
741.0,Germany,Female,19.0,8,108711.57,2,1,0,24857.25,0
713.0,Germany,Female,38.0,7,144606.22,1,1,1,56594.36,1
683.0,France,Female,73.0,8,137732.23,2,1,1,133210.44,0
629.0,Spain,Male,34.0,8,0.0,2,1,1,180595.02,0
835.0,Germany,Male,20.0,4,124365.42,1,0,0,180197.74,1
784.0,Spain,Male,23.0,2,0.0,1,1,1,6847.73,0
421.0,Spain,Male,34.0,6,90723.36,1,1,1,12162.76,0
730.0,France,Female,27.0,7,0.0,2,1,0,144099.48,0
499.0,Germany,Female,55.0,4,126817.65,2,1,0,123269.71,0
633.0,Germany,Male,29.0,6,117412.35,1,0,0,30338.94,0
655.0,France,Female,41.0,5,0.0,1,0,0,36548.0,1
764.0,France,Male,41.0,7,0.0,2,0,0,134878.34,0
711.0,Germany,Female,53.0,5,123805.03,1,1,0,102428.51,0
695.0,France,Male,29.0,5,0.0,2,1,1,6770.44,0
519.0,France,Male,48.0,10,71083.98,1,1,0,137959.0,0
630.0,Germany,Female,31.0,2,,2,1,1,131167.98,0
596.0,Spain,Male,57.0,6,0.0,2,1,1,72402.0,0
696.0,France,Male,34.0,9,150856.79,1,0,1,8236.78,0
684.0,SPAIN,Male,34.0,9,100628.0,2,1,1,190263.78,0
688.0,Spain,Male,36.0,0,89772.3,1,1,0,177383.68,1
652.0,France,Female,34.0,6,97435.85,2,1,1,104331.76,0
730.0,Spain,Female,,7,0.0,2,0,1,122398.84,0
816.0,Germany,Female,38.0,5,130878.75,3,1,0,71905.77,1
569.0,Germany,Male,25.0,9,173459.45,2,1,1,44381.06,0
455.0,Spain,Female,43.0,6,0.0,1,1,1,81250.79,0
704.0,Germany,Male,41.0,4,109026.8,2,1,1,43117.1,0
686.0,Germany,Female,38.0,2,93569.86,3,0,0,10137.34,1
607.0,France,Female,31.0,1,102523.88,1,1,1,166792.71,0
689.0,France,Female,58.0,5,0.0,2,0,1,49848.86,0
667.0,France,Female,48.0,2,0.0,2,1,1,148608.39,0
465.0,Germany,Male,24.0,5,117154.9,1,1,1,127744.02,0
583.0,France,Male,48.0,3,91246.53,1,1,0,60017.46,1
598.0,Spain,Male,27.0,8,90721.52,2,1,0,109296.18,0
604.0,Spain,Male,43.0,2,145081.72,1,1,1,23881.62,0
640.0,Spain,Male,37.0,5,158024.38,1,1,0,81298.09,0
844.0,France,Male,38.0,7,111501.66,1,1,1,119333.38,0
821.0,Germany,Female,31.0,2,68927.57,1,1,1,25445.0,0
764.0,Germany,Male,28.0,10,124023.18,1,1,0,166188.28,0
497.0,Germany,Male,41.0,5,80542.81,1,0,0,88729.22,1
807.0,Germany,Male,37.0,10,130110.45,2,0,1,172097.95,0
734.0,Germany,Female,52.0,6,71283.09,2,0,1,38984.37,0
579.0,Germany,Male,28.0,6,150329.15,1,1,0,145558.42,0
640.0,Germany,Male,26.0,5,90402.77,1,1,1,3298.65,0
658.0,France,Female,39.0,4,0.0,1,1,1,147530.06,0
709.0,France,Male,37.0,7,0.0,1,1,0,159486.76,0
590.0,Spain,Male,37.0,6,169902.92,1,1,1,128256.18,0
850.0,France,Male,58.0,8,156652.13,1,0,0,25899.21,1
727.0,Germany,Male,21.0,8,153344.72,1,1,1,163295.87,0
615.0,Spain,Male,19.0,5,0.0,2,1,0,159920.92,0
635.0,Spain,Male,41.0,1,0.0,2,1,0,175611.5,0
576.0,Germany,Male,46.0,4,137367.94,1,1,1,33450.11,0
664.0,France,Female,31.0,7,104158.84,1,1,0,134169.85,0
593.0,France,Male,33.0,1,0.0,2,0,0,9984.4,0
683.0,Germany,Female,43.0,4,115888.04,1,1,1,117349.19,1
693.0,Spain,Female,34.0,10,107556.06,2,0,0,154631.35,0
645.0,Germany,Male,33.0,8,149564.61,1,0,0,149913.84,0
581.0,Germany,Male,50.0,2,143829.2,2,1,0,181224.24,1
731.0,Spain,Female,39.0,2,0.0,2,1,0,136737.13,0
725.0,Germany,Female,33.0,7,115182.84,2,1,1,177279.41,0
706.0,Germany,Male,67.0,1,123276.69,2,1,1,86507.88,1
725.0,Spain,Female,36.0,4,118520.26,1,0,0,131173.9,1
729.0,Germany,Male,29.0,5,109676.52,1,1,1,25548.47,0
654.0,Spain,Female,54.0,5,0.0,2,0,1,47139.06,0
603.0,France,Female,34.0,9,0.0,2,1,0,167916.35,0
799.0,France,Male,70.0,8,70416.75,1,1,1,36483.52,0
534.0,France,Male,35.0,2,81951.74,2,1,0,115668.53,0
657.0,Germany,Female,38.0,5,123770.46,1,0,0,47019.66,1
507.0,Spain,Male,32.0,7,0.0,2,1,0,67926.18,0
512.0,France,Male,51.0,6,144953.31,1,1,1,165035.17,0
683.0,France,Male,25.0,4,0.0,2,1,0,152698.24,0
660.0,Germany,Male,24.0,5,85089.3,1,1,1,71638.0,0
450.0,Spain,Male,25.0,9,74237.2,2,0,1,195463.35,0
629.0,France,Male,40.0,9,0.0,1,1,0,106.67,0
464.0,Spain,Female,34.0,5,76001.57,1,1,1,158668.87,0
733.0,Germany,Male,38.0,9,111347.37,2,0,1,194872.97,0
665.0,Spain,Male,41.0,8,,2,1,0,132152.32,0
734.0,Spain,Female,37.0,0,,1,1,1,48990.5,0
777.0,France,Male,29.0,2,0.0,2,1,0,124489.88,0
636.0,France,Female,45.0,7,139859.23,1,1,1,108402.54,0
782.0,Spain,Male,34.0,6,147422.44,1,0,1,42143.61,0
620.0,France,Male,28.0,8,0.0,2,1,1,199909.32,0
667.0,France,Male,23.0,1,0.0,2,1,0,91573.19,0
624.0,France,Female,38.0,3,0.0,2,1,1,163666.85,0
707.0,France,Male,47.0,3,0.0,2,1,0,174303.29,0
589.0,France,Male,37.0,5,0.0,1,1,0,61324.87,0
415.0,France,Male,46.0,9,134950.19,3,0,0,178587.36,1
487.0,France,Male,24.0,7,133628.09,2,1,1,98570.01,0
602.0,France,Female,35.0,5,0.0,2,1,0,31050.02,0
739.0,Spain,Female,41.0,8,0.0,1,1,0,191694.77,1
762.0,France,M,35.0,9,0.0,2,1,1,43075.7,0
697.0,Spain,Male,56.0,5,110802.03,1,1,1,50230.31,1
598.0,France,Male,38.0,0,125487.89,1,0,0,158111.71,0
606.0,France,Male,47.0,3,93578.68,2,0,1,137720.56,1
713.0,Spain,Female,48.0,1,163760.82,1,0,0,157381.14,1
626.0,Germany,Female,47.0,2,103108.8,1,0,1,166475.44,1
765.0,France,Male,44.0,6,0.0,2,1,1,159899.97,0
806.0,France,Male,48.0,4,164701.68,1,1,1,21439.49,0
652.0,Germany,Male,50.0,8,125437.64,1,1,1,17160.94,1
658.0,Spain,Male,50.0,2,0.0,2,1,0,52137.73,0
606.0,Spain,Female,46.0,8,0.0,2,1,1,183717.94,0
768.0,France,Male,25.0,0,78396.08,1,1,1,8316.19,0
650.0,Spain,Male,41.0,9,0.0,2,0,1,,0
727.0,Germany,Male,46.0,3,115248.11,4,1,0,130752.01,1
524.0,France,Male,32.0,1,144875.71,1,0,0,187740.04,0
672.0,Germany,Female,21.0,1,35741.69,1,1,0,28789.94,0
645.0,Germany,Female,59.0,8,121669.93,2,0,0,91.75,1
558.0,Germany,Male,41.0,2,124227.14,1,1,1,111184.67,0
643.0,Spain,Male,35.0,2,0.0,2,0,0,67979.35,0
701.0,France,Female,37.0,-2,0.0,2,1,1,164268.28,0
622.0,France,Male,31.0,7,0.0,1,1,0,35408.77,0
694.0,France,Male,34.0,5,127900.03,1,1,0,101737.8,0
760.0,France,Male,43.0,8,121911.59,1,1,0,193312.33,0
591.0,Spain,Male,30.0,8,124857.69,2,0,0,50485.7,0
725.0,France,Male,66.0,4,86459.8,1,1,1,141476.56,0
443.0,France,Female,35.0,9,108308.0,1,1,0,129031.19,1
816.0,Germany,Female,40.0,9,109003.26,1,1,1,79580.56,0
664.0,France,Male,40.0,9,0.0,2,1,0,194767.3,0
,Germany,Female,59.0,3,95727.05,1,0,0,97939.4,1
511.0,Spain,Female,57.0,8,122950.31,1,1,1,181258.76,0
717.0,Spain,Female,39.0,6,0.0,2,1,0,93275.61,0
560.0,France,Female,30.0,0,108883.29,1,1,0,27914.95,0
831.0,Germany,Male,44.0,3,111100.98,1,1,1,,1
771.0,France,Male,39.0,5,0.0,2,1,0,96270.64,0
607.0,France,Male,31.0,8,0.0,2,1,1,43196.5,0
614.0,France,Male,,2,116248.88,1,1,0,105140.92,0
536.0,France,Female,,8,0.0,1,1,0,171840.24,1
647.0,Spain,Female,29.0,2,0.0,2,1,0,179032.68,0
588.0,Germany,Female,48.0,1,,2,1,0,31580.8,1
,France,Male,30.0,1,83181.29,1,1,1,138176.78,0
682.0,France,Male,30.0,9,0.0,2,1,1,2053.42,0
641.0,Germany,Male,41.0,7,104405.54,3,1,0,17384.21,0
705.0,Germany,Female,56.0,2,143249.67,1,1,0,88428.41,1
786.0,France,Female,,0,83036.05,1,0,1,154990.58,1
753.0,Germany,Female,47.0,1,131160.85,1,1,0,197444.69,0
729.0,Germany,Male,46.0,5,117837.43,1,1,0,104016.61,1
662.0,France,Female,39.0,5,139562.05,2,1,0,61636.22,0
688.0,Spain,Male,42.0,5,0.0,2,0,0,197602.29,0
470.0,Germany,Male,39.0,5,117469.91,2,0,0,63705.9,0
729.0,France,Female,32.0,9,,2,0,0,150803.44,0
577.0,France,Male,37.0,2,127261.35,1,1,0,56185.05,0
463.0,Spain,Male,20.0,8,204223.03,1,1,0,128268.39,0
670.0,France,Male,37.0,2,0.0,2,1,1,54229.74,0
654.0,France,Male,38.0,8,0.0,2,1,0,88659.44,0
543.0,Germany,Male,48.0,1,100900.5,1,0,0,33310.72,1
703.0,France,Female,33.0,8,190566.65,1,1,1,79997.14,0
585.0,France,Female,43.0,2,0.0,2,1,0,89402.54,0
675.0,Spain,Male,32.0,10,0.0,2,1,0,191545.65,0
,France,Male,43.0,1,125211.92,1,1,1,113410.49,0
767.0,Spain,Male,77.0,8,149083.7,1,1,1,190146.83,0
758.0,Germany,Male,32.0,4,162657.64,2,1,1,115525.13,0
587.0,Spain,Female,35.0,3,,1,1,0,125553.52,0
635.0,Spain,Female,,3,0.0,2,1,0,91086.73,0
564.0,Germany,Male,40.0,7,108407.34,1,1,1,83681.2,0
736.0,France,Male,29.0,4,0.0,2,0,0,51705.01,0
605.0,France,Female,28.0,6,0.0,2,0,0,159508.52,0
811.0,France,Male,40.0,1,101514.89,1,1,1,121765.0,0
628.0,Germany,Male,27.0,5,95826.49,2,1,0,155996.96,0
685.0,Spain,Male,39.0,9,0.0,2,1,1,18826.06,0
437.0,France,Female,26.0,1,120923.52,1,0,1,78854.57,0
642.0,France,Male,26.0,0,0.0,1,0,0,47472.68,0
789.0,France,Female,32.0,7,69423.52,1,1,0,107499.39,0
495.0,France,Male,47.0,10,137682.68,1,1,0,71071.47,0
595.0,Germany,Male,32.0,8,,2,1,1,69428.79,0
,Germany,Female,34.0,1,101736.66,1,0,1,195651.66,0
630.0,Spain,Male,41.0,7,107511.52,1,0,1,46156.87,0
656.0,Spain,Female,40.0,10,167878.5,1,0,1,151887.16,0
586.0,Spain,Male,41.0,3,63873.56,1,1,0,83753.64,0
742.0,Germany,Female,43.0,6,97067.69,1,0,1,60920.03,1
695.0,France,Male,46.0,7,49512.55,1,1,0,133007.34,0
558.0,France,Female,47.0,9,0.0,2,1,0,103787.28,0
717.0,Spain,Male,35.0,1,0.0,3,0,0,174770.14,1
798.0,Germany,Female,38.0,4,129055.13,1,1,0,157147.59,0
850.0,Spain,Male,38.0,2,94652.04,1,1,1,171960.76,0
376.0,Germany,Female,29.0,4,115046.74,4,1,0,119346.88,1
687.0,France,Female,35.0,1,110752.15,2,1,1,47921.22,0
577.0,Spain,Female,44.0,8,115557.0,1,0,1,127506.76,0
826.0,France,Female,49.0,0,0.0,1,0,0,178709.98,1
803.0,Spain,Male,43.0,3,0.0,1,1,0,72051.44,0
565.0,Germany,Female,58.0,3,108888.24,3,0,1,135875.51,1
792.0,France,Male,31.0,6,71269.89,2,0,1,,0
470.0,France,F,25.0,8,127974.06,2,1,1,183259.35,0
573.0,France,Female,37.0,6,0.0,2,1,0,193995.37,0
673.0,France,Male,51.0,8,79563.36,2,1,1,172200.91,0
583.0,France,Female,27.0,1,125406.58,1,1,1,110784.42,0
644.0,Germany,Female,40.0,4,77270.08,2,1,1,115800.1,1
584.0,Germany,Female,37.0,10,134171.8,4,1,1,70927.11,1
523.0,France,Male,34.0,2,161588.89,1,1,1,51358.66,0
729.0,Germany,Male,40.0,5,113574.61,2,1,0,103396.08,0
432.0,Spain,Male,38.0,7,0.0,2,1,0,150580.88,0
541.0,France,Male,46.0,4,124547.13,2,1,0,-120.5,0
660.0,France,Male,37.0,2,97324.91,1,1,0,23291.83,0
568.0,Spain,Female,43.0,9,0.0,1,1,0,125870.79,1
683.0,France,Male,31.0,2,0.0,2,0,1,77326.78,0
694.0,France,Male,47.0,4,0.0,2,1,0,197528.62,0
754.0,Spain,Male,39.0,7,157691.98,2,1,0,133600.89,1
596.0,Germany,Male,32.0,3,96709.07,2,0,0,41788.37,0
569.0,France,Male,35.0,10,124525.52,1,1,1,193793.78,0
686.0,France,Male,38.0,6,149238.97,1,1,1,97825.23,0
598.0,France,Male,47.0,2,0.0,2,1,1,186116.54,0
587.0,Germany,Female,49.0,7,155393.98,2,1,0,13308.2,1
,Spain,Male,42.0,9,222267.63,1,0,0,101108.85,1
640.0,Germany,Female,46.0,5,107978.4,2,1,0,155876.06,0
774.0,Spain,Male,46.0,9,0.0,2,1,1,34774.26,0
738.0,spain ,Male,36.0,5,0.0,2,1,1,96881.32,0
707.0,France,Male,73.0,6,66573.17,1,1,1,62768.8,0
726.0,France,Male,31.0,9,0.0,2,1,1,106117.3,0
645.0,Spain,Male,45.0,4,0.0,1,0,1,174916.85,1
693.0,France,Male,68.0,2,0.0,2,1,1,59864.96,0
615.0,France,Female,30.0,9,0.0,1,1,0,87347.82,0
633.0,France,Female,60.0,8,69365.25,1,1,1,10288.24,0
626.0,France,Male,38.0,7,141074.59,1,1,0,52795.56,1
536.0,France,Female,61.0,8,65190.29,1,1,1,64308.49,1
610.0,Germany,Female,69.0,5,86038.21,3,0,0,192743.06,1
742.0,France,Female,25.0,4,132116.13,2,1,0,129933.5,0
557.0,France,Male,34.0,3,83074.0,1,1,0,132673.22,0
737.0,France,Male,45.0,10,0.0,2,1,0,1364.54,0
746.0,Spain,Female,25.0,3,104833.79,1,0,0,71911.3,0
701.0,Spain,Male,59.0,7,0.0,2,0,1,27597.59,0
641.0,Spain,Female,36.0,1,0.0,2,1,0,102021.39,0
543.0,France,Female,34.0,8,0.0,2,0,1,145601.8,0
646.0,France,Male,52.0,8,59669.43,1,0,0,172495.81,1
562.0,Spain,Male,41.0,5,165445.04,2,1,0,85787.31,0
850.0,France,Female,38.0,1,106871.81,2,1,0,29333.01,0
627.0,Germany,Female,,7,147361.57,1,1,1,133031.96,0
671.0,Germany,Female,23.0,9,123943.18,1,1,1,159553.27,0
630.0,France,Male,42.0,6,0.0,2,1,0,162697.93,0
526.0,France,Male,32.0,7,125540.05,1,0,0,86786.41,0
705.0,Germany,Female,33.0,5,116765.7,1,0,0,190659.17,1
598.0,Spain,Male,44.0,8,0.0,2,1,0,,0
535.0,France,Male,38.0,2,119272.29,1,0,0,195896.59,1
609.0,Germany,Male,33.0,6,94126.67,1,0,0,93718.16,0
627.0,France,Male,70.0,1,94416.78,1,0,1,145299.5,0
754.0,Germany,Female,39.0,8,,1,1,1,87684.93,0
803.0,Germany,Male,41.0,9,137742.9,2,1,1,166957.82,0
,Germany,Male,57.0,3,117056.46,1,1,0,93336.93,1
719.0,Spain,Female,33.0,7,0.0,2,1,0,20016.59,0
613.0,France,Male,41.0,7,0.0,2,1,0,60297.72,0
503.0,France,Male,32.0,4,0.0,2,1,1,153036.97,0
645.0,Spain,Female,21.0,1,0.0,2,0,0,28726.07,0
711.0,France,Female,41.0,3,145754.91,1,1,1,,0
719.0,Spain,Female,35.0,8,0.0,1,1,1,165162.4,0
534.0,France,Female,23.0,5,104822.45,1,0,1,160176.47,0
664.0,Germany,Female,36.0,2,127160.78,2,1,0,78140.75,0
526.0,Germany,Male,58.0,9,190298.89,2,1,1,191263.76,0
652.0,France,Female,40.0,1,0.0,2,1,0,126554.96,0
623.0,Germany,Male,33.0,8,96759.42,1,1,1,174777.98,0
713.0,France,Female,37.0,8,0.0,1,1,1,16403.41,0
525.0,Spain,Female,30.0,5,0.0,2,0,1,149195.44,0
643.0,France,Male,34.0,7,0.0,2,0,1,100304.13,0
514.0,France,Male,45.0,1,178827.79,1,1,0,60375.18,0
707.0,Spain,Male,44.0,3,,2,1,1,135077.01,0
681.0,France,Male,32.0,3,148884.47,2,1,1,90967.37,0
623.0,France,Female,24.0,5,0.0,2,1,0,116160.04,0
467.0,Germany,Male,28.0,10,126315.26,1,1,0,32349.29,1
637.0,Spain,Female,45.0,2,157929.45,1,1,1,145134.49,1
599.0,France,Male,,10,118577.24,1,1,1,31448.52,0
583.0,France,Male,48.0,3,91246.53,1,1,0,60017.46,1
629.0,Germany,Female,38.0,9,123948.85,1,1,0,76053.07,0
525.0,Spain,Female,37.0,0,,1,0,1,131521.72,0
675.0,France,Female,57.0,8,0.0,2,0,1,95463.29,0
687.0,France,Male,,7,129895.19,1,0,1,28698.17,0
715.0,Germany,Female,37.0,9,105489.31,1,0,0,143096.49,1
596.0,France,Male,36.0,2,0.0,2,1,1,12067.39,0
708.0,Spain,Male,46.0,7,68799.72,1,1,1,39704.14,0
554.0,France,Female,38.0,4,137654.05,2,1,1,172629.67,0
693.0,France,Female,39.0,4,0.0,2,0,1,142331.39,0
578.0,France,Male,23.0,10,88980.32,1,1,1,,0
739.0,France,Male,41.0,5,0.0,2,0,0,143882.25,0
430.0,France,Male,31.0,5,0.0,1,1,0,95655.16,0
516.0,France,Female,42.0,8,56228.25,1,1,0,46857.52,0
577.0,Germany,Female,59.0,7,111396.97,1,0,1,191070.01,0
657.0,Spain,Male,36.0,8,188241.05,2,0,0,183058.51,1
590.0,Germany,Female,27.0,8,123599.49,2,1,0,1676.92,0
626.0,France,Female,39.0,0,0.0,2,1,1,83295.09,0
712.0,France,Female,37.0,1,106881.5,2,0,0,169386.81,0
590.0,France,Male,36.0,1,0.0,2,1,0,48876.84,0
505.0,Spain,Male,37.0,0,134006.39,1,1,1,93736.69,0
578.0,France,Male,50.0,5,151215.34,2,1,0,169804.4,0
647.0,Spain,Female,64.0,1,91216.0,1,1,1,41800.18,0
758.0,France,Female,39.0,6,127357.76,1,0,1,56577.0,0
520.0,Germany,Female,23.0,3,116022.53,2,1,1,37577.66,0
786.0,Spain,Male,29.0,7,80895.44,2,1,0,64945.57,0
570.0,Spain,Male,21.0,7,116099.82,1,1,1,148087.62,0
658.0,France,Male,20.0,7,0.0,2,0,0,187638.34,0
603.0,France,Male,31.0,1,129743.75,1,1,0,109145.2,0
716.0,Germany,Female,18.0,3,128743.8,1,0,0,197322.13,0
539.0,Germany,Female,38.0,8,105435.74,1,0,0,80575.44,1
750.0,France,Male,36.0,7,136492.92,3,1,1,26500.29,1
777.0,France,Female,28.0,2,134571.5,1,0,1,,0
574.0,Spain,Male,30.0,5,120355.0,1,1,0,137793.35,0
718.0,Germany,Female,39.0,7,93148.74,2,1,1,190746.38,0
615.0,Spain,Female,29.0,7,143330.56,2,1,1,126396.01,0
647.0,Germany,Male,52.0,7,130013.12,1,1,1,190806.36,1
741.0,Spain,Male,40.0,4,104784.23,1,1,0,135163.76,1
712.0,France,Male,,9,100606.02,1,1,0,165693.06,0
730.0,Germany,Female,37.0,5,124053.03,1,1,0,118591.67,0
695.0,France,Male,46.0,4,0.0,2,1,1,137537.22,0
527.0,Germany,Female,39.0,9,96748.89,2,1,0,94711.43,0
719.0,Germany,Male,28.0,3,106070.29,2,1,1,183893.31,0
431.0,Germany,Female,44.0,2,138843.7,1,1,0,37688.31,1
609.0,France,Male,37.0,1,39344.83,1,1,1,178291.89,1
520.0,Spain,Female,42.0,6,0.0,2,1,1,34410.55,0
722.0,Germany,Female,37.0,0,125977.81,1,0,0,160162.42,0
,France,Female,43.0,0,0.0,2,1,1,41263.69,0
582.0,France,Female,40.0,9,0.0,3,1,1,60954.45,0
546.0,France,Male,34.0,4,165363.31,2,1,1,25744.13,1
700.0,France,Male,26.0,4,119009.57,1,1,0,,0
724.0,Germany,Male,41.0,2,127892.57,2,0,1,199645.45,0
757.0,France,Male,28.0,3,75381.15,1,1,1,199727.72,0
719.0,Spain,Male,37.0,10,145382.61,1,1,0,80408.59,0
497.0,Germany,Female,55.0,7,131778.66,1,1,1,9972.64,0
690.0,Spain,Male,36.0,10,0.0,2,1,0,55902.93,0
520.0,Germany,Female,45.0,1,123086.39,1,1,1,41042.4,1
499.0,France,Female,46.0,6,0.0,2,1,0,73457.55,0
632.0,Germany,Female,38.0,6,86569.76,2,1,0,98090.91,0
502.0,France,Male,30.0,4,0.0,2,1,1,66263.87,0
574.0,Spain,Female,28.0,7,0.0,2,0,0,185660.3,0
598.0,Spain,Male,34.0,0,104488.17,1,0,1,43249.67,0
775.0,France,Male,60.0,7,0.0,2,1,1,111558.7,0
507.0,Germany,Male,31.0,2,134237.07,1,1,1,166423.66,1
574.0,Germany,Male,33.0,3,129834.67,1,1,0,193131.42,0
850.0,France,Male,41.0,3,0.0,2,1,0,128892.36,0
473.0,Germany,Female,32.0,5,146602.25,2,1,1,72946.95,0
571.0,France,Male,34.0,1,99325.04,2,0,1,186052.15,0
676.0,Spain,Male,27.0,4,0.0,1,0,1,107955.67,0
564.0,Spain,Male,31.0,0,125175.58,1,1,1,72757.33,0
531.0,France,Female,63.0,1,114715.71,1,0,1,24506.95,1
616.0,Germany,Female,36.0,10,78249.53,1,1,0,136934.91,0
617.0,France,Male,41.0,7,0.0,2,0,1,14496.67,0
582.0,France,Male,41.0,1,40488.76,1,1,0,128528.83,0
523.0,France,Female,40.0,2,102967.41,1,1,0,128702.1,1
589.0,Germany,Male,55.0,7,119961.48,1,1,0,65156.83,1
727.0,GERMANY,Male,36.0,6,140418.81,1,1,1,113033.73,1
706.0,Germany,Male,-1.0,9,58571.18,2,1,0,40774.01,0
639.0,Spain,Female,39.0,1,141789.15,1,1,0,92455.96,0
610.0,France,Male,41.0,6,0.0,3,0,0,56118.81,1
729.0,Germany,Male,36.0,8,152899.24,2,1,0,177130.33,0
511.0,Germany,Female,41.0,8,153895.65,1,1,1,39087.42,0
655.0,Germany,Female,72.0,5,138089.97,2,1,1,99920.41,0
663.0,Germany,Male,32.0,3,108586.86,1,1,1,182355.21,0
597.0,France,Male,61.0,5,0.0,2,1,1,81299.17,0
721.0,France,Male,54.0,5,0.0,2,1,1,4493.12,0
746.0,France,Male,47.0,8,142382.03,1,1,1,62086.62,0
,France,Female,43.0,1,0.0,1,0,1,86634.3,0
541.0,Germany,Male,40.0,7,95710.11,2,1,0,49063.42,0
632.0,Germany,Male,48.0,6,126066.26,1,1,0,64345.61,1
712.0,Germany,Male,37.0,7,93978.96,2,1,0,60651.77,0
668.0,Germany,Female,59.0,5,120170.07,1,0,1,50454.8,0
585.0,France,Male,40.0,7,0.0,2,0,0,146156.98,0
775.0,France,Male,42.0,6,133970.22,2,0,1,187839.9,0
587.0,France,Male,33.0,8,148163.57,1,0,0,122925.4,0
751.0,France,Male,31.0,8,0.0,2,0,0,17550.49,0
663.0,Spain,Male,52.0,0,136298.65,1,1,0,144593.3,1
706.0,Germany,Female,47.0,6,120621.89,1,1,1,140803.7,0
630.0,Spain,Male,26.0,7,0.0,2,1,1,6656.64,0
588.0,Spain,Male,34.0,6,121132.26,2,1,0,86460.28,0
609.0,Spain,Male,53.0,10,0.0,1,1,1,154642.91,0
530.0,France,Female,33.0,4,129307.32,1,1,1,172930.28,0
715.0,France,Male,40.0,7,0.0,1,1,1,141359.11,0
850.0,France,Male,33.0,0,124781.67,1,0,1,33700.52,0
750.0,France,Male,37.0,3,0.0,2,1,0,16870.2,0
636.0,Germany,Female,37.0,9,157098.52,1,1,1,153535.27,0
642.0,Germany,Male,30.0,8,134497.27,1,0,0,43250.54,0
475.0,France,Female,46.0,10,0.0,2,0,0,122953.0,1
685.0,Spain,Male,34.0,6,83264.28,1,0,0,9663.28,0
607.0,France,Female,21.0,0,0.0,2,1,0,116106.52,0
755.0,France,Male,34.0,3,0.0,2,1,1,158816.03,0
713.0,France,Male,36.0,8,133889.35,1,1,1,143265.65,0
616.0,France,Male,31.0,3,94263.91,2,1,0,168895.06,0
552.0,Germany,Male,33.0,3,144962.74,1,1,0,58844.84,1
454.0,Spain,Male,40.0,2,123177.01,1,1,0,148309.98,0
722.0,France,Male,46.0,5,0.0,2,1,0,179908.71,0
581.0,Germany,Male,40.0,0,101016.53,1,0,1,7926.35,1
730.0,France,Female,34.0,5,74197.38,2,1,0,96875.52,0
461.0,France,Female,28.0,8,0.0,1,1,1,103349.74,0
685.0,France,Male,40.0,2,168001.34,2,1,1,167400.29,0
545.0,France,Male,23.0,2,0.0,2,1,0,189613.12,0
754.0,France,Female,35.0,4,0.0,2,1,0,44830.71,0
498.0,France,Female,31.0,10,0.0,2,1,0,13892.57,0
804.0,France,Female,50.0,4,0.0,1,1,1,8546.87,1
554.0,Spain,Female,41.0,4,112152.89,1,0,1,36242.19,0
794.0,France,Male,56.0,9,96951.21,1,1,1,71776.76,0
727.0,Spain,Male,71.0,8,0.0,1,1,1,198446.91,1
699.0,Germany,Female,51.0,2,92246.14,2,0,1,91346.03,0
634.0,France,Male,37.0,5,115345.86,2,0,0,,0
640.0,Germany,Male,45.0,8,120591.19,1,0,0,195123.94,0
747.0,France,Male,42.0,4,80214.36,1,1,0,115241.96,1
705.0,France,Female,50.0,4,77065.9,2,0,1,145159.26,0
709.0,Spain,Female,37.0,8,0.0,3,1,0,71738.56,0
731.0,Germany,Female,43.0,9,79120.27,1,0,0,548.52,1
651.0,France,Male,44.0,2,0.0,3,1,0,102530.35,1
670.0,Spain,Male,67.0,6,158719.57,1,1,1,118607.4,0
761.0,France,Male,31.0,7,0.0,3,1,1,166698.18,0
558.0,France,Female,45.0,1,153697.53,2,0,0,89891.4,1
668.0,Germany,Female,37.0,6,167864.4,1,1,0,115638.29,0
618.0,Germany,Female,40.0,1,133245.52,2,1,1,54495.82,0
,Spain,Male,43.0,5,0.0,2,1,0,126933.73,0
575.0,France,Female,54.0,9,68332.96,1,1,1,144390.75,0
636.0,France,Male,31.0,6,0.0,2,1,1,2382.61,0
566.0,France,Female,21.0,3,0.0,2,1,1,3626.47,0
658.0,France,Female,29.0,8,0.0,2,0,1,130461.09,0
654.0,Germany,Male,37.0,5,112146.12,1,1,0,75927.35,0
514.0,Spain,Male,30.0,7,0.0,1,0,1,125010.24,0
721.0,Germany,Male,37.0,4,98459.6,1,0,0,90821.66,0
850.0,Germany,Female,47.0,4,99219.47,2,1,1,122141.13,0
717.0,France,Male,36.0,2,148061.89,1,1,0,179128.69,1
743.0,Germany,Female,34.0,1,131736.88,1,1,1,108543.21,0
661.0,France,Male,26.0,8,0.0,2,0,0,196875.87,0
767.0,France,Female,34.0,8,0.0,2,1,0,94767.77,0
615.0,France,Male,30.0,7,0.0,2,1,1,156346.84,0
480.0,Germany,Male,44.0,10,129608.57,1,1,0,5472.7,1
717.0,France,Male,28.0,4,128206.79,1,1,1,54272.12,0
644.0,Spain,Female,,5,86006.3,1,1,1,73922.95,0
,Spain,Male,41.0,10,96032.22,1,1,1,75825.57,0
727.0,Spain,Female,31.0,0,0.0,1,1,0,121751.04,1
469.0,France,Female,48.0,5,0.0,1,1,0,160529.71,1
588.0,Spain,Male,37.0,2,0.0,2,0,1,187816.59,0
643.0,France,Male,36.0,0,148159.71,1,0,0,55835.66,0
507.0,France,Female,33.0,1,113452.66,1,0,0,142911.99,0
627.0,Spain,Male,48.0,1,132759.8,1,1,0,78899.22,0
695.0,France,Female,50.0,8,0.0,1,1,0,126381.6,1
596.0,Spain,Male,29.0,2,0.0,2,1,1,1591.19,0
608.0,Germany,Male,26.0,1,106648.98,1,0,1,7063.6,0
768.0,Germany,Female,47.0,5,104552.61,1,1,0,48137.08,1
586.0,Germany,Male,34.0,9,,1,1,0,15034.93,0
571.0,France,Male,40.0,5,0.0,2,0,0,,0
574.0,France,Female,39.0,2,122524.61,2,1,0,88463.63,0
761.0,Germany,Female,38.0,1,120530.13,2,1,0,109394.62,0
646.0,Germany,Female,36.0,6,144773.29,2,1,0,53217.3,0
649.0,Spain,Female,47.0,8,110783.28,1,1,1,71420.16,0
797.0,France,Female,55.0,10,0.0,4,1,1,,1
639.0,France,Male,37.0,5,98186.7,1,0,1,173386.95,0
850.0,France,Female,27.0,7,43658.33,2,1,1,3025.49,0
660.0,Germany,Male,28.0,2,170890.05,2,1,0,41758.9,0
,Germany,Female,34.0,6,106434.94,1,0,1,137995.66,1
569.0,Spain,Female,51.0,3,0.0,3,1,0,75084.96,1
655.0,France,Male,24.0,9,107065.31,1,1,1,51959.82,0
720.0,France,Female,38.0,10,0.0,2,1,1,56229.72,1
679.0,France,Male,47.0,10,198546.1,2,1,0,191198.92,1
570.0,France,Male,32.0,9,117337.54,2,0,1,62810.91,0
789.0,France,Female,27.0,8,66201.96,1,1,1,79458.12,0
605.0,Spain,Female,57.0,2,0.0,3,1,0,66652.75,1
711.0,Germany,Female,45.0,1,97486.15,2,1,0,50610.62,0
636.0,Spain,Male,37.0,1,115137.26,1,1,0,52484.01,0
773.0,France,Male,52.0,4,0.0,1,0,1,144113.42,0
657.0,Spain,Male,40.0,10,0.0,2,1,1,52990.7,0
756.0,France,F,28.0,6,0.0,1,1,1,164394.65,0
607.0,France,Male,25.0,3,0.0,2,0,0,187048.72,0
676.0,France,Female,37.0,5,89634.69,1,1,1,169583.18,1
624.0,France,Male,44.0,3,0.0,2,1,0,88407.51,0
837.0,France,Female,,9,0.0,2,1,1,41866.26,0
692.0,Germany,Male,53.0,7,150926.99,2,0,0,119817.19,0
588.0,Germany,Male,33.0,9,150186.22,2,1,1,65611.01,0
717.0,France,Female,25.0,7,108664.85,2,1,0,190011.85,0
666.0,France,Female,,5,0.0,2,1,1,185123.09,0
850.0,France,Male,81.0,5,0.0,2,1,1,44827.47,0
609.0,France,Male,26.0,10,126392.18,1,0,1,43651.49,0
676.0,Germany,Female,48.0,2,124442.38,1,1,0,15068.53,1
556.0,Germany,Female,43.0,4,125890.72,1,1,1,,0
689.0,Spain,Female,45.0,0,57784.22,1,1,0,197804.0,1
612.0,France,Female,33.0,9,0.0,1,0,0,142797.5,1
716.0,Germany,Male,27.0,1,122552.34,2,1,0,67611.36,0
565.0,France,Female,40.0,2,0.0,2,1,1,129956.13,0
684.0,France,Male,32.0,9,100249.41,2,0,1,67599.69,0
757.0,France,Male,36.0,7,144852.06,1,0,0,130861.95,0
788.0,France,Male,32.0,4,112079.58,1,0,0,89368.59,0
692.0,Germany,Male,24.0,2,120596.93,1,0,1,180490.53,0
465.0,Germany,Male,24.0,6,156007.09,1,1,0,191368.37,0
521.0,France,Male,30.0,2,107316.09,1,1,0,64299.82,0
708.0,France,Female,67.0,1,0.0,2,0,1,3837.08,0
532.0,France,Female,40.0,5,0.0,2,0,1,177099.71,0
648.0,Spain,Male,49.0,5,0.0,1,1,0,149946.43,1
711.0,France,Female,81.0,6,0.0,2,1,1,,0
785.0,Spain,Male,41.0,7,0.0,2,1,1,,0
592.0,Germany,Male,36.0,2,104702.65,2,1,0,107948.72,0
624.0,Germany,Female,40.0,3,149961.99,2,1,0,104610.86,0
608.0,Germany,Male,42.0,8,131390.75,2,1,0,,0
622.0,France,Female,30.0,2,158584.82,3,1,0,142342.55,1
660.0,France,Male,33.0,0,72783.42,1,0,0,181051.99,0
699.0,France,Female,43.0,3,80764.03,1,1,0,199378.58,1
545.0,Germany,Male,45.0,6,93796.42,2,1,1,162321.26,0
565.0,France,Female,38.0,5,126645.13,1,1,1,168303.55,0
691.0,Germany,Female,38.0,5,114753.76,1,1,0,107665.02,0
672.0,France,Female,43.0,4,92599.55,2,1,1,167336.78,0
598.0,Spain,Male,39.0,1,0.0,2,1,0,159130.32,0
536.0,Germany,Male,23.0,6,92366.72,2,1,0,120661.71,0
652.0,Germany,Male,27.0,2,166527.88,2,0,1,146007.7,0
542.0,Spain,Male,32.0,2,131945.94,1,0,1,159737.56,0
647.0,Germany,Female,,1,119741.77,2,0,0,54954.51,1
498.0,France,Male,73.0,2,170241.7,2,1,1,165407.96,0
582.0,France,Female,43.0,5,153313.67,1,0,0,170563.73,0
843.0,France,Female,27.0,5,0.0,2,1,1,67494.23,0
673.0,France,Male,39.0,7,82255.51,2,1,0,109545.56,0
654.0,France,Male,32.0,6,0.0,2,1,1,137898.57,0
569.0,Spain,Female,41.0,4,139840.36,1,1,1,163524.7,0
512.0,France,Male,40.0,5,0.0,2,1,1,146457.83,0
715.0,France,Male,,4,124314.45,1,0,0,97782.92,0
708.0,France,Male,32.0,10,86614.06,2,1,1,172129.26,0
651.0,Germany,Male,26.0,5,147037.32,1,0,0,141763.26,0
584.0,Germany,Female,62.0,9,137727.34,2,0,1,121102.9,0
793.0,Spain,Male,63.0,0,0.0,2,0,1,27166.75,0
678.0,Germany,Female,51.0,1,145751.03,1,0,0,109718.44,1
596.0,Germany,Male,48.0,2,131326.47,1,0,0,1140.02,1
658.0,Germany,Female,55.0,8,119327.93,1,0,1,119439.66,0
793.0,France,Male,39.0,3,137817.52,1,0,0,83997.79,0
531.0,France,Male,31.0,3,96288.26,1,1,0,56794.73,0
550.0,France,Male,38.0,9,140278.99,3,1,1,171457.06,1
,Spain,Male,35.0,6,80285.16,1,1,0,72678.75,1
717.0,France,Female,25.0,7,108664.85,2,1,0,190011.85,0
850.0,France,Male,36.0,7,0.0,1,1,1,40812.9,0
625.0,France,Female,52.0,2,,1,1,1,84606.03,0
643.0,Spain,Male,43.0,1,0.0,2,1,1,145764.4,0
643.0,Spain,Female,34.0,8,117451.47,1,1,0,65374.86,0
729.0,France,Male,32.0,6,93694.42,1,1,1,79919.13,0
623.0,France,Male,48.0,5,118469.38,1,1,1,158590.25,0
648.0,France,Female,37.0,7,0.0,2,1,0,194238.92,0
727.0,Germany,Male,,9,101191.83,1,1,1,34551.35,1
824.0,Germany,Male,49.0,8,133231.48,1,1,1,67885.37,0
459.0,Germany,Male,48.0,4,133994.52,1,1,1,19287.06,1
759.0,France,Male,26.0,4,0.0,2,1,0,135394.62,0
558.0,France,Female,41.0,6,,1,1,1,143585.29,1
588.0,Spain,Female,22.0,9,67178.19,1,1,1,163534.75,1
648.0,Germany,Male,44.0,9,111369.79,2,1,1,,0
563.0,France,Male,30.0,7,90727.79,1,1,0,122268.75,0
501.0,Germany,Male,40.0,5,114655.58,1,0,0,126535.92,0
630.0,France,Male,33.0,9,0.0,2,1,0,64804.59,0
762.0,Spain,Female,35.0,3,119349.69,3,1,1,47114.18,1
541.0,France,Male,46.0,6,0.0,2,1,1,83456.67,0
518.0,France,Female,45.0,9,105525.65,2,1,1,73418.29,0
680.0,France,Male,37.0,4,0.0,2,1,0,61240.87,0
611.0,Spain,Female,28.0,3,96381.68,2,1,0,181419.29,0
675.0,France,Male,49.0,8,135133.39,1,0,1,179521.24,1
631.0,France,Male,32.0,10,0.0,2,0,1,196342.66,0
635.0,Germany,Female,28.0,3,81623.67,2,1,1,,0
